<?xml version="1.0" encoding="UTF-8"?>
<beans xmlns="http://www.springframework.org/schema/beans"
xmlns:xsi="http://www.w3.org/2001/XMLSchema-instance" 
xmlns:context="http://www.springframework.org/schema/context"
xmlns:tx="http://www.springframework.org/schema/tx" 
xmlns:mvc="http://www.springframework.org/schema/mvc"
xsi:schemaLocation="
http://www.springframework.org/schema/beans
http://www.springframework.org/schema/beans/spring-beans-3.0.xsd
http://www.springframework.org/schema/context
http://www.springframework.org/schema/context/spring-context-3.0.xsd
http://www.springframework.org/schema/tx
http://www.springframework.org/schema/tx/spring-tx-3.0.xsd
http://www.springframework.org/schema/mvc
http://www.springframework.org/schema/mvc/spring-mvc-3.0.xsd">

<context:property-placeholder location="classpath:jdbc.properties" />
<context:component-scan base-package="com.lti" />

<tx:annotation-driven transaction-manager="hibernateTransactionManager" />
<mvc:annotation-driven />

<bean id="jspViewResolver"
class="org.springframework.web.servlet.view.InternalResourceViewResolver">
<property name="viewClass"
value="org.springframework.web.servlet.view.JstlView" />
<property name="prefix" value="/WEB-INF/view/" />
<property name="suffix" value=".jsp" />
</bean>

<bean id="dataSource"
		class="org.springframework.jdbc.datasource.DriverManagerDataSource">
		<property name="driverClassName"
			value="oracle.jdbc.driver.OracleDriver" />
		<property name="url"
			value="jdbc:oracle:thin:@localhost:1521:xe" />
		<property name="username" value="hr" />
		<property name="password" value="hr" />
	</bean>

<bean id="sessionFactory"
class="org.springframework.orm.hibernate3.annotation.AnnotationSessionFactoryBean">
<property name="dataSource" ref="dataSource" />
<property name="annotatedClasses">
<list>
<value>com.lti.model.User</value>
<value>com.lti.model.Language</value>
<value>com.lti.model.Questions</value>
<value>com.lti.model.QuestionOptions</value>
<value>com.lti.model.Admin</value>
</list>
</property>
	<property name="hibernateProperties">
			<props>
				<prop key="hibernate.dialect">org.hibernate.dialect.Oracle10gDialect
				</prop>

				<prop key="hibernate.hbm2ddl.auto">update</prop>
				<prop key="hibernate.show_sql">true</prop>
			</props>
		</property>
</bean>

<bean id="hibernateTransactionManager"
class="org.springframework.orm.hibernate3.HibernateTransactionManager">
<property name="sessionFactory" ref="sessionFactory" />
</bean>

<bean id="messageSource"
class="org.springframework.context.support.ReloadableResourceBundleMessageSource">
<property name="basename" value="/WEB-INF/messages" />
</bean>
</beans>